Well,Regional_group,Region,Location,latitude,longitude,aquifer_id,subtype_sym,Snow_influenced,Training_start_date,Climate_station_Id,Climate_station_me,Climate_Infilled_id,Climate_secondary_Infilled,Climate_tertiary_Infilled,Climate_quaternary_Infilled,snow_stn
OW002,Coastal 1,Surrey,Abbotsford,49.0171,-122.34165,15,4a,0,2004-01-01,810,MISSION WEST ABBEY,702. 50308. 54238,43723,50368,747,1D17P
OW008,Coastal 1,Surrey,Abbotsford,49.01696,-122.2894,15,4a,0,2004-01-01,810,MISSION WEST ABBEY,702. 50308. 54238,43723,50368,747,1D17P
OW035,Interior 1,Kamloops,Stump Lake,50.39353,-120.32752,1174,4b,1,2004-01-01,1216,KAMLOOPS PRATT ROAD,42203,51423,1022,NA,1F03P
OW058,Vancouver Island 3,Nanaimo,Saanich,48.63119,-123.41753,610,NA,0,2004-01-01,54641,SAANICHTON CFIA,87,51337,97,77,1D17P
OW060,Vancouver Island 3,Nanaimo,Saanich,48.65863,-123.4304,609,NA,0,2004-01-01,51337,VICTORIA INTL A,54641,87,97,77,1D17P
OW071,Vancouver Island 3,Nanaimo,Saanich,48.5304,-123.37483,616,NA,0,2004-01-01,6812,VICTORIA UNIVERSITY CS,54641,87,52,51337,1D17P
OW074,Interior 2,Penticton,Castlegar,49.31035,-117.61339,507,NA,1,2004-01-01,1106,CASTLEGAR BCHPA DAM,1105. 52938,31067,1095,6839,2D14P
OW075,Interior 2,Penticton,Keremeos,49.20635,-119.82532,259,1a,1,2004-01-01,1053. 50269,PENTICTON A,1041,979,1056. 52958,6834,2G03P
OW080,Interior 1,Kamloops,Clinton,51.07193,-121.5852,921,4b,1,2004-01-01,53638,CLINTON RCS,51558,1313,NA,NA,1D06P
OW081,Interior 1,Kamloops,83 Mile,51.43115,-121.38021,124,6a,1,2004-01-01,51558,CLINTON A,1309,53638,NA,NA,1C12P
OW117,Interior 2,Penticton,Armstrong,50.427103,-119.227723,1155,NA,1,2004-01-01,46987,VERNON AUTO,6843,1032,48369,51117,1F03P
OW125,Vancouver Island 2,Nanaimo,Mayne Island,48.84274,-123.27493,620,5a,0,2004-01-01,77,NORTH PENDER ISLAND,6810,96,93,766,1D17P
OW128,Vancouver Island 2,Nanaimo,Mayne Island,48.86903,-123.28269,447,NA,0,2004-01-01,77,NORTH PENDER ISLAND,6810,93,96,766,1D17P
OW154,Interior 3,Penticton,Summerland,49.57765,-119.63526,297,NA,1,2004-01-01,979,SUMMERLAND CS,1053. 50269,1046,51117,48369,2E07P
OW185,Interior 1,Kamloops,Salmon River,50.510924,-119.354275,97,1a,1,2004-01-01,6843,SALMON ARM CS,46987,1032,1216,48369,1F03P
OW196,Vancouver Island 2,Nanaimo,Gabriola Island,49.16994,-123.80128,709,5a,0,2004-01-01,132. 29411,ENTRANCE ISLAND,192. 51318. 52941,26,309,45788,3A25P
OW197,Vancouver Island 2,Nanaimo,Gabriola Island,49.15638,-123.7652,709,5a,0,2004-01-01,132. 29411,ENTRANCE ISLAND,192. 51318. 52941,26,309,93,3A25P
OW200,Northern,Smithers,Dease Lake,58.43794,-129.9923,828,4b,1,2004-01-01,6845,DEASE LAKE (AUT),49628,NA,NA,NA,4D11P
OW201,Vancouver Island 1,Nanaimo,Alert Bay,50.58197,-126.92605,858,NA,0,2004-01-01,202. 51319,PORT HARDY A,54602,271,48888,NA,3A24P
OW204,Vancouver Island 1,Nanaimo,Duncan,48.77047,-123.69335,186,1b,0,2004-01-01,51337,VICTORIA INTL A,97,93,26,54641,1D17P
OW217,Interior 2,Penticton,Grand Forks,49.023016,-118.434061,158,1b,1,2004-01-01,1100,BILLINGS,1091,31067,1106,NA,2F05P
OW240,Vancouver Island 3,Nanaimo,Saanich,48.63667,-123.46583,608,6b,0,2004-01-01,51337,VICTORIA INTL A,54641,87,97,77,1D17P
OW255,Coastal 1,Surrey,Chilliwack,49.07409,-122.05764,1216,NA,0,2004-01-01,50368,CULTUS LAKE,810,702. 50308. 54238,707,706,1D17P
OW258,Vancouver Island 2,Nanaimo,Galiano Island,48.87386,-123.32605,320,5a,0,2004-01-01,77,NORTH PENDER ISLAND,93,6810,766,96,1D17P
OW260,Interior 1,Kamloops,Quesnel,52.96489,-122.46749,115,4b,1,2004-01-01,48688,QUESNEL,48108,NA,NA,NA,1C41P
OW261,Interior 1,Kamloops,Williams Lake,52.09645,-122.11943,148,6a,1,2004-01-01,664. 50820,WILLIAMS LAKE A,650,NA,NA,NA,1C41P
OW262,Interior 2,Penticton,Kelow,49.860097,-119.421006,464,4b,1,2004-01-01,51117,KELOWNA UBCO,48369,1032,1046,979,2E07P
OW268,Vancouver Island 1,Nanaimo,Denman Island,49.53466,-124.76883,740,5a,0,2004-01-01,208,QUALICUM R FISH RESEARCH,155,162,225,8045,3A25P
OW275,Coastal 3,Surrey,Surrey,49.06754,-122.68439,41,4a,0,2004-01-01,925,WHITE ROCK CAMPBELL SCIENTIFIC,747,43723,6830,776,1D17P
OW281,Vancouver Island 3,imo,Saltspring Island,48.85179,-123.45708,721,5a,0,2004-01-01,77,NORTH PENDER ISLAND,93,51337,26,6810,1D17P
OW283,Vancouver Island 2,Nanaimo,Pender Island,48.81503,-123.31447,711,NA,0,2004-01-01,77,NORTH PENDER ISLAND,6810,93,51337,96,1D17P
OW284,Vancouver Island 2,Nanaimo,Pender Island,48.74882,-123.25686,720,NA,0,2004-01-01,77,NORTH PENDER ISLAND,6810,96,51337,54641,1D17P
OW287,Vancouver Island 1,Nanaimo,Coombs,49.301596,-124.415168,220,5a,0,2004-01-01,45627,QUALICUM BEACH AIRPORT,181,208,138,8045,3A25P
OW288,Vancouver Island 2,Nanaimo,Hornby Island,49.506,-124.64873,438,5a,0,2004-01-01,208,QUALICUM R FISH RESEARCH,181,45627,8045,155,3A25P
OW289,Interior 1,Kamloops,Williams Lake,52.175985,-122.083552,139,NA,1,2004-01-01,664. 50820,WILLIAMS LAKE A,650,NA,NA,NA,1C41P
OW290,Vancouver Island 3,Nanaimo,Satur Island,48.80294,-123.17863,737,5a,0,2004-01-01,6810,SATURNA CAPMON CS,77,96,766,51337,1D17P
OW291,Interior 2,Penticton,Cranbrook,49.473055,-115.718887,523,NA,1,2004-01-01,1174. 50818,CRANBROOK A,51818,1180,NA,NA,2D14P
OW292,Coastal 2,Surrey,Powell River,49.77559,-124.40106,836,NA,0,2004-01-01,45807,POWELL RIVER,327. 52018,155,208,162,3B17P
OW293,Northern,Prince George,Prince George,54.0472,-122.8038,332,4b,1,2004-01-01,50169,PRINCE GEORGE MASSEY AUTO,636,48248,48370,592,1A14P
OW294,Interior 2,Penticton,Lumby,50.219595,-119.003824,316,1c,1,2004-01-01,46987,VERNON AUTO,1032,48369,51117,6843,1F03P
OW299,Coastal 1,Surrey,Abbotsford,49.04214,-122.38148,15,4a,0,2004-01-01,810,MISSION WEST ABBEY,702. 50308. 54238,43723,747,776,1D17P
OW301,Coastal 1,Surrey,Abbotsford,49.03127,-122.43471,15,4a,0,2004-01-01,43723,FORT LANGLEY TELEGRAPH TRAIL,702. 50308. 54238,810,747,925,1D17P
OW304,Vancouver Island 2,Nanaimo,Parksville,49.310444,-124.330671,216,4b,0,2004-01-01,45627,QUALICUM BEACH AIRPORT,138,181,208,320,3B23P
OW306,Interior 2,Penticton,Beaverdell,49.438271,-119.086497,482,1c,1,2004-01-01,1053. 50269,PENTICTON A,979,1041,1091,1046,2E07P
OW309,Interior 2,Penticton,Golden,51.25933,-116.91873,450,NA,1,2004-01-01,54318,GOLDEN AIRPORT,1364. 52980,NA,NA,NA,2A30P
OW310,Vancouver Island 1,Nanaimo,Bowser,49.448724,-124.716175,416,4b,0,2004-01-01,208,QUALICUM R FISH RESEARCH,181,8045,225,45627,3A25P
OW311,Interior 3,Penticton,Vernon,50.320322,-119.202478,351,6b,1,2004-01-01,46987,VERNON AUTO,1032,48369,6843,51117,1F03P
OW314,Vancouver Island 2,Nanaimo,Parksville,49.31149,-124.34853,216,4b,0,2004-01-01,45627,QUALICUM BEACH AIRPORT,181,138,208,320,3A25P
OW316,Vancouver Island 1,Nanaimo,Gabriola Island,49.138625,-123.767724,709,5a,0,2004-01-01,132. 29411,ENTRANCE ISLAND,192. 51318. 52941,26,93,309,3A25P
OW320,Vancouver Island 1,Nanaimo,Cobble Hill,48.69892,-123.58202,197,4b,0,2004-01-01,51337,VICTORIA INTL A,97,54641,87,93,1D17P
OW321,Vancouver Island 3,Nanaimo,Qualicum Beach,49.34769,-124.38281,1250,4c,0,2004-01-01,45627,QUALICUM BEACH AIRPORT,181,138,208,320,3A25P
OW327,Vancouver Island 2,Nanaimo,Galiano Island,48.885558,-123.334866,320,5a,0,2004-01-01,77,NORTH PENDER ISLAND,93,6810,766,96,1D17P
OW329,Vancouver Island 3,Nanaimo,Ucluelet,48.994962,-125.59433,159,4a,0,2004-01-01,283,UCLUELET KENNEDY CAMP,277. 52960,235,262,225,3A25P
OW332,Interior 2,Penticton,Oliver,49.137819,-119.569162,254,1a,1,2004-01-01,1053. 50269,PENTICTON A,1041,979,1091,NA,2G03P
OW337,Vancouver Island 2,imo,Ladysmith,49.036948,-123.828877,162,5a,0,2004-01-01,132. 29411,ENTRANCE ISLAND,192. 51318. 52941,26,93,138,3A25P
OW338,Vancouver Island 3,Nanaimo,Saanich,48.57242,-123.41726,608,6b,0,2004-01-01,54641,SAANICHTON CFIA,87,51337,6812,52,1D17P
OW343,Vancouver Island 3,Nanaimo,Saanich,48.599,-123.445816,608,6b,0,2004-01-01,54641,SAANICHTON CFIA,87,51337,97,52,1D17P
OW349,Coastal 1,Surrey,Belcarra,49.32042,-122.90234,68,6b,0,2004-01-01,888,VANCOUVER HARBOUR CS,823,6830,NA,NA,1D17P
OW351,Vancouver Island 1,Nanaimo,Comox,49.71725,-124.92994,408,4a,0,2004-01-01,155,COMOX A,162,45807,327. 52018,145. 52979,3A25P
OW353,Coastal 2,Surrey,Langley,49.06717,-122.67997,41,4a,0,2004-01-01,925,WHITE ROCK CAMPBELL SCIENTIFIC,747,43723,6830,776,1D17P
OW354,Coastal 2,Surrey,Langley,49.09392,-122.56474,35,4a,0,2004-01-01,43723,FORT LANGLEY TELEGRAPH TRAIL,747,6830,702. 50308. 54238,925,1D17P
OW355,Vancouver Island 1,Nanaimo,Chemainus,48.87472,-123.70362,172,1b,0,2004-01-01,51337,VICTORIA INTL A,26,93,192. 51318. 52941,97,3A25P
OW356,Interior 3,Penticton,Winfield,50.008442,-119.3918,344,4b,1,2004-01-01,48369,KELOWNA,1032,51117,46987,1046,2E07P
OW357,Coastal 1,Surrey,Abbotsford,49.11834,-122.38712,29,4b,0,2004-01-01,810,MISSION WEST ABBEY,702. 50308. 54238,43723,776,747,1D17P
OW359,Coastal 2,Surrey,Langley,49.06252,-122.55919,33,4b,0,2004-01-01,43723,FORT LANGLEY TELEGRAPH TRAIL,747,702. 50308. 54238,925,6830,1D09P
OW360,Coastal 2,Surrey,Langley,49.04074,-122.67138,41,4a,0,2004-01-01,925,WHITE ROCK CAMPBELL SCIENTIFIC,747,43723,6830,702. 50308. 54238,1D17P
OW361,Coastal 2,Surrey,Langley,49.05044,-122.46313,27,4c,0,2004-01-01,43723,FORT LANGLEY TELEGRAPH TRAIL,702. 50308. 54238,810,747,925,1D17P
OW363,Interior 3,Penticton,Wasa,49.79076,-115.74855,540,1b,1,2004-01-01,51818,CRANBROOK AIRPORT AUTO,1174. 50818,1180,NA,NA,2D14P
OW369,Vancouver Island 1,Nanaimo,Black Creek Gravel Pit,49.87834,-125.26389,NA,NA,0,2004-01-01,152,CAPE MUDGE,145. 52979,209,173,162,3A25P
OW371,Vancouver Island 2,Nanaimo,Hwy 19A (T'Sable River ),49.51874,-124.83962,415,2,0,2004-01-01,208,QUALICUM R FISH RESEARCH,225,155,8045,162,3A25P
OW373,Vancouver Island 3,Nanaimo,Saltspring Island,48.83867,-123.51075,722,5a,0,2004-01-01,77,NORTH PENDER ISLAND,93,26,51337,97,1D17P
OW374,Interior 1,Kamloops,108 Mile,51.748824,-121.377389,131,4b,1,2004-01-01,650,SPOKIN LAKE 4E,1309,51558,NA,NA,1C20P
OW375,Interior 1,Kamloops,Blue River,52.116147,-119.31344,825,NA,1,2004-01-01,1237,BLUE RIVER A,8214,1367,NA,NA,1E02P
OW376,Interior 1,Kamloops,Junction Sheep Range Park,51.79912,-122.4505,NA,NA,1,2004-01-01,664. 50820,WILLIAMS LAKE A,NA,NA,NA,NA,1C12P
OW381,Interior 1,Kamloops,Canoe Creek,50.652616,-119.20174,108,4a,1,2004-01-01,6843,SALMON ARM CS,46987,NA,NA,NA,1F03P
OW383,Vancouver Island 2,Nanaimo,Quadra Island,50.055599,-125.189118,751,4a,0,2004-01-01,152,CAPE MUDGE,173,209,145. 52979,153,3A25P
OW384,Interior 3,Penticton,Spallumcheen,50.499953,-119.211984,102,4b,1,2004-01-01,6843,SALMON ARM CS,46987,1032,48369,51117,1F03P
OW385,Vancouver Island 1,Nanaimo,Gabriola Island,49.180666,-123.826884,709,5a,0,2004-01-01,132. 29411,ENTRANCE ISLAND,192. 51318. 52941,26,138,309,3A25P
OW389,Vancouver Island 3,Nanaimo,Qualicum Beach,49.35992,-124.47597,664,1c,0,2004-01-01,45627,QUALICUM BEACH AIRPORT,181,208,138,8045,3A25P
OW390,Vancouver Island 1,Nanaimo,Cedar,49.108143,-123.823252,162,5a,0,2004-01-01,132. 29411,ENTRANCE ISLAND,192. 51318. 52941,26,93,138,3A25P
OW391,Vancouver Island 2,Nanaimo,Little Qualicum,49.32983,-124.56006,662,4b,0,2004-01-01,208,QUALICUM R FISH RESEARCH,181,45627,8045,138,3B17P
OW392,Vancouver Island 2,Nanaimo,noose,49.27794,-124.24362,1098,4b,0,2004-01-01,138,BALLENAS ISLAND,45627,181,208,320,3A25P
OW393,Vancouver Island 2,Nanaimo,noose,49.27794,-124.24362,219,4b,0,2004-01-01,138,BALLENAS ISLAND,45627,181,208,320,3A25P
OW394,Vancouver Island 2,Nanaimo,noose,49.30096,-124.19139,218,NA,0,2004-01-01,138,BALLENAS ISLAND,45627,181,320,132. 29411,3A25P
OW395,Vancouver Island 2,Nanaimo,noose,49.28029,-124.28061,219,4b,0,2004-01-01,45627,QUALICUM BEACH AIRPORT,138,181,208,320,3B17P
OW396,Vancouver Island 2,Nanaimo,noose,49.30131,-124.22964,219,4b,0,2004-01-01,138,BALLENAS ISLAND,45627,181,320,208,3A25P
OW398,Vancouver Island 2,Nanaimo,Parksville,49.307161,-124.311776,216,4b,0,2004-01-01,45627,QUALICUM BEACH AIRPORT,138,181,208,320,3A25P
OW399,Interior 1,Kamloops,Knutsford,50.5896,-120.30618,276,NA,1,2004-01-01,1216,KAMLOOPS PRATT ROAD,42203,51423,1313,1022,1F03P
OW401,Interior 3,Penticton,Osoyoos,49.023341,-119.363599,808,6b,1,2004-01-01,1053. 50269,PENTICTON A,1041,1091,979,NA,2G03P
OW402,Interior 3,Penticton,Osoyoos,49.030404,-119.347269,936,6b,1,2004-01-01,1053. 50269,PENTICTON A,1041,1091,979,NA,2E07P
OW403,Interior 3,Penticton,Twin Lakes,49.33003,-119.72338,261,4a,1,2004-01-01,1053. 50269,PENTICTON A,979,1041,1046,27122,2G03P
OW405,Interior 2,Penticton,Oliver,49.16931,-119.5639,256,3,1,2004-01-01,1053. 50269,PENTICTON A,1041,979,1091,NA,2G03P
OW406,Coastal 1,Surrey,Chilliwack,49.12231,-121.97352,8,3,0,2004-01-01,50368,CULTUS LAKE,707,706,810,702. 50308. 54238,1D17P
OW407,Interior 3,Penticton,Oliver,49.21599,-119.54109,255,1a,1,2004-01-01,1053. 50269,PENTICTON A,1041,979,1091,1046,2G03P
OW409,Interior 3,Penticton,Spallumcheen,50.510481,-119.225923,103,4a,1,2004-01-01,6843,SALMON ARM CS,46987,1032,48369,NA,1F03P
OW411,Interior 3,Penticton,West Kelow,49.83667,-119.68638,304,5a,1,2004-01-01,1046,PEACHLAND,51117,48369,1032,979,2F18P
OW412,Interior 3,Penticton,Summerland,49.734442,-120.156664,1264,6b,1,2004-01-01,27122,JELLICOE,1046,1056. 52958,6834,979,2G03P
OW414,Coastal 2,Surrey,Langley,49.06537,-122.54718,1144,4c,0,2004-01-01,43723,FORT LANGLEY TELEGRAPH TRAIL,747,702. 50308. 54238,925,6830,1D18P
OW415,Coastal 2,Surrey,Langley,49.06537,-122.54718,33,4b,0,2004-01-01,43723,FORT LANGLEY TELEGRAPH TRAIL,747,702. 50308. 54238,925,6830,1D17P
OW416,Northern,Fort St. John,Dawson Creek,55.82529,-120.97583,595,5a,1,2004-01-01,50837,FORT ST. JOHN A,1400. 52939,55198,1404. 48208,NA,1A14P
OW417,Northern,Fort St. John,Dawson Creek,55.83334,-120.871105,595,5a,1,2004-01-01,50837,FORT ST. JOHN A,1404. 48208,55198,1400. 52939,NA,1A14P
OW418,Northern,Fort St. John,Dawson Creek,55.909962,-120.453375,633,5a,1,2004-01-01,50837,FORT ST. JOHN A,1404. 48208,55198,NA,NA,1A14P
OW422,Interior 1,Kamloops,Logan Lake,50.48783,-120.82906,822,4b,1,2004-01-01,51423,KAMLOOPS A,42203,1022,1216,1313,1C18P
OW424,Vancouver Island 1,Nanaimo,Coombs,49.314,-124.40842,1250,4c,0,2004-01-01,45627,QUALICUM BEACH AIRPORT,181,208,138,8045,3A25P
OW426,Vancouver Island 3,Nanaimo,Qualicum,49.36456,-124.61434,662,4b,0,2004-01-01,208,QUALICUM R FISH RESEARCH,181,45627,8045,225,3A25P
OW428,Vancouver Island 1,Nanaimo,Cowichan,48.79051,-123.95995,NA,NA,0,2004-01-01,51337,VICTORIA INTL A,26,97,192. 51318. 52941,93,3A25P
OW429,Vancouver Island 1,Nanaimo,Cowichan,48.790505,-123.959954,178,4b,0,2004-01-01,51337,VICTORIA INTL A,26,97,192. 51318. 52941,93,3A25P
OW430,Vancouver Island 1,Nanaimo,Cowichan,48.75567,-123.72598,198,5a,0,2004-01-01,51337,VICTORIA INTL A,97,93,26,54641,1D17P
OW431,Vancouver Island 1,Nanaimo,Cowichan,48.75567,-123.72598,199,4b,0,2004-01-01,51337,VICTORIA INTL A,97,93,26,54641,1D17P
OW432,Vancouver Island 3,Nanaimo,Yellowpoint,49.05833,-123.80978,162,5a,0,2004-01-01,132. 29411,ENTRANCE ISLAND,192. 51318. 52941,26,93,138,3A25P
OW433,Vancouver Island 3,Nanaimo,Qualicum,49.34244,-124.40625,1250,4c,0,2004-01-01,45627,QUALICUM BEACH AIRPORT,181,208,138,8045,3A25P
OW434,Vancouver Island 3,Nanaimo,Qualicum,49.34232,-124.40714,217,4b,0,2004-01-01,45627,QUALICUM BEACH AIRPORT,181,208,138,8045,3B23P
OW435,Vancouver Island 3,Nanaimo,South Wellington,49.096728,-123.888749,165,5a,0,2004-01-01,132. 29411,ENTRANCE ISLAND,192. 51318. 52941,26,93,138,3A25P
OW436,Vancouver Island 1,Nanaimo,Cassidy,49.045399,-123.874614,160,4b,0,2004-01-01,132. 29411,ENTRANCE ISLAND,192. 51318. 52941,26,93,138,3B24P
OW437,Vancouver Island 1,imo,Cassidy,49.045426,-123.874615,161,1b,0,2004-01-01,132. 29411,ENTRANCE ISLAND,192. 51318. 52941,26,93,138,3B24P
OW438,Vancouver Island 3,Nanaimo,Salt Spring Island,48.89015,-123.50125,721,5a,0,2004-01-01,77,NORTH PENDER ISLAND,93,26,51337,97,1D17P
OW442,Interior 2,Penticton,Kelow,49.950925,-119.365802,464,4b,1,2004-01-01,48369,KELOWNA,51117,1032,1046,46987,2F18P
OW446,Coastal 2,Surrey,Langley,49.0188,-122.65452,52,4b,0,2004-01-01,925,WHITE ROCK CAMPBELL SCIENTIFIC,747,43723,6830,702. 50308. 54238,1D17P
OW447,Coastal 3,Surrey,Surrey,49.18456,-122.75323,61,NA,0,2004-01-01,6830,PITT MEADOWS CS,747,43723,776,925,1D17P
OW448,Coastal 1,Surrey,Agassiz,49.244304,-121.785054,4,1a,1,2004-01-01,706,AGASSIZ RCS,707,50368,49588,50517,1D19P
OW449,Coastal 1,Surrey,Agassiz,49.235153,-121.747747,4,1a,1,2004-01-01,706,AGASSIZ RCS,707,49588,50517,50368,1D19P
OW450,Coastal 1,Surrey,Chilliwack,49.16495,-121.91194,6,1a,0,2004-01-01,50368,CULTUS LAKE,707,706,810,702. 50308. 54238,1D17P
OW451,Coastal 1,Surrey,Hope,49.36575,-121.48121,1,1a,1,2004-01-01,50517,HOPE AIRPORT,49588,951,707,706,1D19P
OW452,Coastal 1,Surrey,Langley,49.167753,-122.584482,37,4a,1,2004-01-01,43723,FORT LANGLEY TELEGRAPH TRAIL,6830,776,747,925,1D19P
OW453,Coastal 2,Surrey,Langley,49.13393,-122.55637,35,4a,0,2004-01-01,43723,FORT LANGLEY TELEGRAPH TRAIL,747,6830,776,702. 50308. 54238,1D17P
OW454,Coastal 2,Surrey,Squamish,49.83479,-123.15197,401,1b,1,2004-01-01,336. 10816,SQUAMISH AIRPORT,43500,348,43443,6817,3A25P
OW455,Northern,Prince George,Vanderhoof,54.02345,-124.31642,242,4b,1,2004-01-01,55363,FORT ST JAMES GOLF CLUB,51538,NA,NA,NA,4A02P
OW456,Coastal 1,Surrey,Langley,49.158707,-122.651309,59,4b,0,2004-01-01,6830,PITT MEADOWS CS,747,43723,776,925,1D09P
OW458,Coastal 2,Surrey,Langley,49.046826,-122.487051,27,4c,0,2004-01-01,43723,FORT LANGLEY TELEGRAPH TRAIL,702. 50308. 54238,747,810,925,1D17P
OW459,Coastal 1,Surrey,Chilliwack,49.110477,-121.998289,8,3,1,2004-01-01,50368,CULTUS LAKE,810,707,706,702. 50308. 54238,1D19P
OW460,Coastal 1,Surrey,Gibsons,49.401641,-123.520065,560,4a,0,2004-01-01,309,GIBSONS GOWER POINT,45267,45788,6817,6833,3A25P
OW463,Coastal 2,Surrey,Mission,49.220192,-122.379292,884,4c,0,2004-01-01,810,MISSION WEST ABBEY,776,43723,702. 50308. 54238,6830,1D17P
OW464,Interior 1,Kamloops,Canoe Creek,50.65262,-119.20195,109,4b,1,2004-01-01,6843,SALMON ARM CS,46987,NA,NA,NA,1F03P
OW467,Interior 2,Penticton,Osoyoos,49.02232,-119.42551,194,4a,1,2004-01-01,1053. 50269,PENTICTON A,1041,1091,979,NA,2E07P
OW468,Interior 2,Penticton,Cranbrook,49.51528,-115.770422,525,4b,1,2004-01-01,1174. 50818,CRANBROOK A,51818,1180,NA,NA,2D14P
OW474,Coastal 2,Surrey,Miracle Valley,49.23549,-122.23649,25,4b,0,2004-01-01,810,MISSION WEST ABBEY,776,702. 50308. 54238,43723,50368,1D18P
OW479,Coastal 2,Surrey,Maple Ridge,49.18354,-122.45753,19,5a,0,2004-01-01,43723,FORT LANGLEY TELEGRAPH TRAIL,776,810,6830,702. 50308. 54238,1D18P
OW483,Coastal 2,Surrey,Squamish,49.72254,-123.07491,397,4b,0,2004-01-01,336. 10816,SQUAMISH AIRPORT,6817,45267,823,6833,1D18P
OW487,Interior 2,Penticton,Lumby,50.219445,-119.003821,314,4b,1,2004-01-01,46987,VERNON AUTO,1032,48369,51117,6843,2F10P
OW488,Vancouver Island 1,Nanaimo,Cowichan,48.72946,-123.66332,197,4b,0,2004-01-01,51337,VICTORIA INTL A,97,93,54641,87,3B26P
OW490,Coastal 1,Surrey,Langley,49.14763,-122.53144,24,1a,1,2004-01-01,43723,FORT LANGLEY TELEGRAPH TRAIL,776,747,6830,702. 50308. 54238,1D19P
OW491,Coastal 2,Surrey,Maple Ridge,49.19573,-122.47144,26,4b,0,2004-01-01,43723,FORT LANGLEY TELEGRAPH TRAIL,776,810,6830,747,1D18P
OW492,Coastal 1,Surrey,Columbia Valley,49.02244,-122.05063,20,4a,0,2004-01-01,50368,CULTUS LAKE,810,702. 50308. 54238,707,706,1D09P
OW513,Northern,Smithers,Terrace,54.5177,-128.63653,575,1a,1,2004-01-01,442,TERRACE PCC,441. 51037,54978,402,NA,4B17P
